timesteps,episode_idx,ep_reward,ep_len,event,final_dist,min_dist,sum_r_progress,sum_r_close,sum_r_zem,approx_kl,clip_fraction,entropy_loss,explained_variance,value_loss,policy_gradient_loss,max_action_mag,max_accel_norm,time_to_hit
1660,1,-4249.526178,1660,running,67128.140625,inf,0.0,0.0,0.0,nan,nan,nan,nan,nan,nan,0.0,0.0,nan
2629,2,-2797.63403,969,running,193313.328125,inf,0.0,0.0,0.0,0.006643357686698437,0.02421875,-2.8438755959272384,0.0008023381233215332,12548.72723083496,-0.002294750272994861,0.0,0.0,nan
4260,3,-3540.581917,1631,running,201935.34375,inf,0.0,0.0,0.0,0.005966152064502239,0.020068359375,-2.8450738042593002,0.018677592277526855,4530.150762939453,-0.002295301001868211,0.0,0.0,nan
6280,4,-9006.515288,2020,running,106904.1484375,inf,0.0,0.0,0.0,0.0008405239786952734,9.765625e-05,-2.840279537439346,0.008675634860992432,18645.507066345213,-0.0007713887142017483,0.0,0.0,nan
7636,5,-3477.037536,1356,running,68266.21875,inf,0.0,0.0,0.0,0.0008405239786952734,9.765625e-05,-2.840279537439346,0.008675634860992432,18645.507066345213,-0.0007713887142017483,0.0,0.0,nan
8794,6,-3385.108046,1158,running,106896.390625,inf,0.0,0.0,0.0,0.0007616542279720306,0.000146484375,-2.8387486904859545,0.0018112659454345703,193505.2510864258,-0.0013908201159210875,0.0,0.0,nan
10846,7,-4444.192959,2052,running,70952.0078125,inf,0.0,0.0,0.0,0.006059510167688131,0.0263671875,-2.8404512077569963,0.05009490251541138,5606.380850219726,-0.00316433263651561,0.0,0.0,nan
12039,8,-3011.215971,1193,running,144044.59375,inf,0.0,0.0,0.0,0.006059510167688131,0.0263671875,-2.8404512077569963,0.05009490251541138,5606.380850219726,-0.00316433263651561,0.0,0.0,nan
13504,9,-3818.073893,1465,running,105513.65625,inf,0.0,0.0,0.0,0.0037385975010693073,0.003857421875,-2.8402538388967513,0.08915001153945923,7124.781912231445,-0.00241862399270758,0.0,0.0,nan
15305,10,-4490.654629,1801,running,117259.328125,inf,0.0,0.0,0.0,0.002672644564881921,0.00615234375,-2.8272464483976365,0.049874305725097656,11941.237693786621,-0.0021617900987621398,0.0,0.0,nan
17104,11,-4327.461415,1799,running,54892.37109375,inf,0.0,0.0,0.0,0.006797438021749258,0.018115234375,-2.827781143784523,0.07915782928466797,8836.16623840332,-0.001495874157990329,0.0,0.0,nan
18384,12,-3546.735642,1280,running,154320.890625,inf,0.0,0.0,0.0,0.006797438021749258,0.018115234375,-2.827781143784523,0.07915782928466797,8836.16623840332,-0.001495874157990329,0.0,0.0,nan
20187,13,-3965.98421,1803,running,162046.28125,inf,0.0,0.0,0.0,0.006795667111873627,0.021435546875,-2.8301865220069886,0.07623398303985596,10378.170138549805,-0.0026521755586145445,0.0,0.0,nan
22426,14,-4981.554708,2239,running,68717.2265625,inf,0.0,0.0,0.0,0.003209507092833519,0.0078125,-2.8288190364837646,0.16079580783843994,8438.222129821777,-0.0017071447204216384,0.0,0.0,nan
23619,15,-3393.644789,1193,running,124823.1171875,inf,0.0,0.0,0.0,0.002242351183667779,0.001220703125,-2.831699398159981,0.026810050010681152,17814.55916900635,-0.0005724337068386375,0.0,0.0,nan
24982,16,-3685.168876,1363,running,156474.515625,inf,0.0,0.0,0.0,0.005599554628133774,0.042822265625,-2.827748340368271,0.19769996404647827,5710.546195983887,-0.005658922460861504,0.0,0.0,nan
26409,17,-3180.265843,1427,running,87796.734375,inf,0.0,0.0,0.0,0.005599554628133774,0.042822265625,-2.827748340368271,0.19769996404647827,5710.546195983887,-0.005658922460861504,0.0,0.0,nan
27565,18,-2993.568649,1156,running,77985.4609375,inf,0.0,0.0,0.0,0.0018574832938611507,0.000732421875,-2.82401864528656,0.13122248649597168,18173.71469116211,-0.0009216671634931118,0.0,0.0,nan
28825,19,-3471.225399,1260,running,71439.6328125,inf,0.0,0.0,0.0,0.00961698591709137,0.059130859375,-2.8173538595438004,0.17736494541168213,4971.469807434082,-0.005237173836212606,0.0,0.0,nan
29894,20,-2984.526859,1069,running,192439.890625,inf,0.0,0.0,0.0,0.00961698591709137,0.059130859375,-2.8173538595438004,0.17736494541168213,4971.469807434082,-0.005237173836212606,0.0,0.0,nan
31569,21,-3973.376033,1675,running,104034.5625,inf,0.0,0.0,0.0,0.0046858107671141624,0.018359375,-2.806500220298767,0.169439435005188,9736.694467163086,-0.0030012563365744427,0.0,0.0,nan
33014,22,-3374.258935,1445,running,93454.421875,inf,0.0,0.0,0.0,0.01233541127294302,0.05234375,-2.8035120487213137,0.0791211724281311,18288.128564453124,-0.00390815768041648,0.0,0.0,nan
34407,23,-2802.436376,1393,running,178284.328125,inf,0.0,0.0,0.0,0.01233541127294302,0.05234375,-2.8035120487213137,0.0791211724281311,18288.128564453124,-0.00390815768041648,0.0,0.0,nan
36485,24,-2858.137385,2078,running,139501.421875,inf,0.0,0.0,0.0,0.0071061705239117146,0.05419921875,-2.8040681570768355,0.12995237112045288,10979.98127746582,-0.0031292295025195926,0.0,0.0,nan
37744,25,-3805.462814,1259,running,95328.90625,inf,0.0,0.0,0.0,0.004101974423974752,0.0369140625,-2.806763342022896,0.037683963775634766,16180.246668052674,-0.004663521182374097,0.0,0.0,nan
39501,26,-3891.71096,1757,running,84505.0234375,inf,0.0,0.0,0.0,0.000784812611527741,0.000244140625,-2.821319633722305,0.08679461479187012,17724.908456420897,-0.0007946391720906832,0.0,0.0,nan
40722,27,-2945.450835,1221,running,122372.6796875,inf,0.0,0.0,0.0,0.000784812611527741,0.000244140625,-2.821319633722305,0.08679461479187012,17724.908456420897,-0.0007946391720906832,0.0,0.0,nan
42422,28,-4748.463093,1700,running,83470.2265625,inf,0.0,0.0,0.0,0.001940220594406128,0.001171875,-2.8321916311979294,0.3078729510307312,7379.911494445801,-0.0016652628866722808,0.0,0.0,nan
43433,29,-2459.277255,1011,running,87808.5546875,inf,0.0,0.0,0.0,0.004808961413800716,0.0154296875,-2.833437368273735,0.082866370677948,13992.741432189941,-0.0027833348227431997,0.0,0.0,nan
44657,30,-7691.676415,1224,running,170055.140625,inf,0.0,0.0,0.0,0.004808961413800716,0.0154296875,-2.833437368273735,0.082866370677948,13992.741432189941,-0.0027833348227431997,0.0,0.0,nan
46185,31,-6828.009138,1528,running,145747.203125,inf,0.0,0.0,0.0,0.002038822276517749,0.004833984375,-2.838664320111275,0.03530585765838623,155396.08405761718,-0.002709235867951065,0.0,0.0,nan
47476,32,-2214.249929,1291,running,93374.59375,inf,0.0,0.0,0.0,0.00030188963864929974,0.0,-2.8387205004692078,0.01939702033996582,167845.10111083984,-0.00030004577711224557,0.0,0.0,nan
48420,33,-7816.747694,944,running,190959.78125,inf,0.0,0.0,0.0,0.00030188963864929974,0.0,-2.8387205004692078,0.01939702033996582,167845.10111083984,-0.00030004577711224557,0.0,0.0,nan
49751,34,-7763.308819,1331,running,116040.6015625,inf,0.0,0.0,0.0,0.0033771481830626726,0.004541015625,-2.8333026856184005,0.02039569616317749,185911.04611206055,-0.002585573439137079,0.0,0.0,nan
50776,35,-7009.000399,1025,running,71039.0078125,inf,0.0,0.0,0.0,0.0033771481830626726,0.004541015625,-2.8333026856184005,0.02039569616317749,185911.04611206055,-0.002585573439137079,0.0,0.0,nan
51826,36,-6963.616296,1050,running,167060.515625,inf,0.0,0.0,0.0,0.00038163125282153487,0.0,-2.8283766478300096,0.01716446876525879,366627.2845703125,-0.0005275391595205292,0.0,0.0,nan
53105,37,-7082.50391,1279,running,87260.6171875,inf,0.0,0.0,0.0,0.00038163125282153487,0.0,-2.8283766478300096,0.01716446876525879,366627.2845703125,-0.0005275391595205292,0.0,0.0,nan
54310,38,-2768.556483,1205,running,86364.9140625,inf,0.0,0.0,0.0,0.000896854733582586,9.765625e-05,-2.826130935549736,0.020504891872406006,336433.9782714844,-0.0010454726958414539,0.0,0.0,nan
55424,39,-6767.685038,1114,running,132135.828125,inf,0.0,0.0,0.0,0.006571661680936813,0.046240234375,-2.828215625882149,0.22628480195999146,6362.303765106201,-0.002873428608290851,0.0,0.0,nan
56239,40,-7152.494638,815,running,107625.84375,inf,0.0,0.0,0.0,0.006571661680936813,0.046240234375,-2.828215625882149,0.22628480195999146,6362.303765106201,-0.002873428608290851,0.0,0.0,nan
56984,41,-6136.379092,745,running,164471.34375,inf,0.0,0.0,0.0,0.006571661680936813,0.046240234375,-2.828215625882149,0.22628480195999146,6362.303765106201,-0.002873428608290851,0.0,0.0,nan
57846,42,-6604.065305,862,running,101268.234375,inf,0.0,0.0,0.0,0.0003346952435094863,0.0,-2.8365604311227797,0.03296828269958496,478144.9990234375,-0.0006565583753399551,0.0,0.0,nan
58657,43,-6615.813615,811,running,175303.34375,inf,0.0,0.0,0.0,0.0003346952435094863,0.0,-2.8365604311227797,0.03296828269958496,478144.9990234375,-0.0006565583753399551,0.0,0.0,nan
59887,44,-5550.493391,1230,running,144492.171875,inf,0.0,0.0,0.0,0.00038771043182350695,0.0,-2.8352685987949373,0.03326141834259033,336606.5352539063,-0.0002268427604576573,0.0,0.0,nan
60805,45,-6441.171066,918,running,99568.3984375,inf,0.0,0.0,0.0,0.00038771043182350695,0.0,-2.8352685987949373,0.03326141834259033,336606.5352539063,-0.0002268427604576573,0.0,0.0,nan
62189,46,-6551.16785,1384,running,124495.46875,inf,0.0,0.0,0.0,5.0194968935102224e-05,0.0,-2.8325447231531142,0.028224170207977295,312722.60302734375,-0.0001838062860770151,0.0,0.0,nan
62953,47,-6237.793508,764,running,71529.515625,inf,0.0,0.0,0.0,5.0194968935102224e-05,0.0,-2.8325447231531142,0.028224170207977295,312722.60302734375,-0.0001838062860770151,0.0,0.0,nan
63625,48,-6658.11098,672,running,94104.2890625,inf,0.0,0.0,0.0,0.001711047487333417,0.001171875,-2.8295956939458846,0.021441102027893066,328455.9443481445,-0.0021837439402588644,0.0,0.0,nan
64726,49,-6711.829733,1101,running,195182.078125,inf,0.0,0.0,0.0,0.001711047487333417,0.001171875,-2.8295956939458846,0.021441102027893066,328455.9443481445,-0.0021837439402588644,0.0,0.0,nan
66043,50,-6835.639138,1317,running,82837.171875,inf,0.0,0.0,0.0,0.0002919877879321575,0.0,-2.8303123712539673,0.03425532579421997,294949.35649414064,-0.000338649409241043,0.0,0.0,nan
66854,51,-6841.10776,811,running,130363.734375,inf,0.0,0.0,0.0,0.0002919877879321575,0.0,-2.8303123712539673,0.03425532579421997,294949.35649414064,-0.000338649409241043,0.0,0.0,nan
67724,52,-6649.442355,870,running,183656.421875,inf,0.0,0.0,0.0,0.0017274576239287853,0.00166015625,-2.8303644120693208,0.023872852325439453,359376.3611328125,-0.0027297096385154873,0.0,0.0,nan
68952,53,-6872.233908,1228,running,67462.109375,inf,0.0,0.0,0.0,0.0017274576239287853,0.00166015625,-2.8303644120693208,0.023872852325439453,359376.3611328125,-0.0027297096385154873,0.0,0.0,nan
69596,54,-6369.143109,644,running,172666.25,inf,0.0,0.0,0.0,0.0017274576239287853,0.00166015625,-2.8303644120693208,0.023872852325439453,359376.3611328125,-0.0027297096385154873,0.0,0.0,nan
70665,55,-5751.066423,1069,running,126547.7734375,inf,0.0,0.0,0.0,0.0015291327144950628,0.000244140625,-2.830620875954628,0.025948286056518555,496689.430859375,-0.0021514458843739704,0.0,0.0,nan
71568,56,-5823.036302,903,running,158275.3125,inf,0.0,0.0,0.0,0.0015291327144950628,0.000244140625,-2.830620875954628,0.025948286056518555,496689.430859375,-0.0021514458843739704,0.0,0.0,nan
72785,57,-6721.506863,1217,running,106733.7421875,inf,0.0,0.0,0.0,0.0007170748431235552,0.0,-2.8293469309806825,0.04547828435897827,306035.2687988281,-0.0009898320597130806,0.0,0.0,nan
73612,58,-6301.629669,827,running,118185.265625,inf,0.0,0.0,0.0,0.0007170748431235552,0.0,-2.8293469309806825,0.04547828435897827,306035.2687988281,-0.0009898320597130806,0.0,0.0,nan
74478,59,-5927.33562,866,running,182190.34375,inf,0.0,0.0,0.0,0.0011396523332223296,0.000341796875,-2.8275371730327605,0.029579758644104004,346328.2438964844,-0.0008634940313640982,0.0,0.0,nan
75584,60,-6560.533623,1106,running,106567.9375,inf,0.0,0.0,0.0,0.0011396523332223296,0.000341796875,-2.8275371730327605,0.029579758644104004,346328.2438964844,-0.0008634940313640982,0.0,0.0,nan
76682,61,-6393.47175,1098,running,159914.5,inf,0.0,0.0,0.0,0.0009468002244830132,0.0001953125,-2.81952261030674,0.03807193040847778,349485.4888671875,-0.001696308136160951,0.0,0.0,nan
77731,62,-6335.559111,1049,running,149955.53125,inf,0.0,0.0,0.0,0.0009468002244830132,0.0001953125,-2.81952261030674,0.03807193040847778,349485.4888671875,-0.001696308136160951,0.0,0.0,nan
78644,63,-5276.969187,913,running,125627.09375,inf,0.0,0.0,0.0,0.00016449976828880608,0.0,-2.813136410713196,0.02891862392425537,335349.6087402344,-0.00042719429620774463,0.0,0.0,nan
79584,64,-6298.72158,940,running,172093.578125,inf,0.0,0.0,0.0,0.00016449976828880608,0.0,-2.813136410713196,0.02891862392425537,335349.6087402344,-0.00042719429620774463,0.0,0.0,nan
80542,65,-5856.075864,958,running,182246.171875,inf,0.0,0.0,0.0,0.0006936728022992611,9.765625e-05,-2.8167542994022368,0.053087055683135986,305087.13657226565,-0.0005363344942452386,0.0,0.0,nan
81423,66,-5565.404316,881,running,112600.9921875,inf,0.0,0.0,0.0,0.0006936728022992611,9.765625e-05,-2.8167542994022368,0.053087055683135986,305087.13657226565,-0.0005363344942452386,0.0,0.0,nan
82172,67,-5831.237581,749,running,65868.96875,inf,0.0,0.0,0.0,0.0015182208735495806,0.00087890625,-2.8179421335458756,0.04917401075363159,324738.82426757814,-0.001084732374874875,0.0,0.0,nan
82789,68,-6815.236881,617,running,129163.6171875,inf,0.0,0.0,0.0,0.0015182208735495806,0.00087890625,-2.8179421335458756,0.04917401075363159,324738.82426757814,-0.001084732374874875,0.0,0.0,nan
83733,69,-5615.448033,944,running,178666.796875,inf,0.0,0.0,0.0,0.0015182208735495806,0.00087890625,-2.8179421335458756,0.04917401075363159,324738.82426757814,-0.001084732374874875,0.0,0.0,nan
84987,70,-6418.163501,1254,running,90975.7265625,inf,0.0,0.0,0.0,0.0018233883893117309,0.001318359375,-2.8124623984098434,0.044733524322509766,434688.34453125,-0.002073568501509726,0.0,0.0,nan
85648,71,-6080.972202,661,running,128060.8125,inf,0.0,0.0,0.0,0.0018233883893117309,0.001318359375,-2.8124623984098434,0.044733524322509766,434688.34453125,-0.002073568501509726,0.0,0.0,nan
86701,72,-6231.593671,1053,running,86465.8046875,inf,0.0,0.0,0.0,0.003423019079491496,0.01123046875,-2.8060595452785493,0.03359287977218628,345500.73662109376,-0.003188848285935819,0.0,0.0,nan
87439,73,-6192.067879,738,running,182061.671875,inf,0.0,0.0,0.0,0.003423019079491496,0.01123046875,-2.8060595452785493,0.03359287977218628,345500.73662109376,-0.003188848285935819,0.0,0.0,nan
88698,74,-6198.91248,1259,running,140087.5625,inf,0.0,0.0,0.0,0.00028074620058760047,0.0,-2.804507830739021,0.0383109450340271,308333.9903320313,-0.000626032444415614,0.0,0.0,nan
89923,75,-5756.412637,1225,running,138113.96875,inf,0.0,0.0,0.0,0.00028074620058760047,0.0,-2.804507830739021,0.0383109450340271,308333.9903320313,-0.000626032444415614,0.0,0.0,nan
90980,76,-5898.185844,1057,running,103460.6953125,inf,0.0,0.0,0.0,0.0019468017853796482,0.002880859375,-2.8039156556129456,0.03665095567703247,351332.7526855469,-0.0026034348644316196,0.0,0.0,nan
91808,77,-6317.138281,828,running,72568.46875,inf,0.0,0.0,0.0,0.0019468017853796482,0.002880859375,-2.8039156556129456,0.03665095567703247,351332.7526855469,-0.0026034348644316196,0.0,0.0,nan
92691,78,-5949.230628,883,running,100702.234375,inf,0.0,0.0,0.0,0.0024970374070107937,0.00361328125,-2.8017039388418197,0.03483724594116211,324297.0476074219,-0.002184683521045372,0.0,0.0,nan
93494,79,-5872.12246,803,running,92714.65625,inf,0.0,0.0,0.0,0.0024970374070107937,0.00361328125,-2.8017039388418197,0.03483724594116211,324297.0476074219,-0.002184683521045372,0.0,0.0,nan
94631,80,-6038.868322,1137,running,110323.1015625,inf,0.0,0.0,0.0,0.0034796283580362797,0.016943359375,-2.790851593017578,0.036801040172576904,276361.9620117188,-0.003664094430860132,0.0,0.0,nan
95199,81,-7178.249468,568,running,179431.671875,inf,0.0,0.0,0.0,0.0034796283580362797,0.016943359375,-2.790851593017578,0.036801040172576904,276361.9620117188,-0.003664094430860132,0.0,0.0,nan
96057,82,-6619.273771,858,running,93636.0390625,inf,0.0,0.0,0.0,0.0034796283580362797,0.016943359375,-2.790851593017578,0.036801040172576904,276361.9620117188,-0.003664094430860132,0.0,0.0,nan
96893,83,-6020.106179,836,running,149558.875,inf,0.0,0.0,0.0,0.0009340967517346144,0.0001953125,-2.789999622106552,0.03574573993682861,547316.361328125,-0.0012188742693979293,0.0,0.0,nan
97782,84,-6428.044317,889,running,97386.25,inf,0.0,0.0,0.0,0.0009340967517346144,0.0001953125,-2.789999622106552,0.03574573993682861,547316.361328125,-0.0012188742693979293,0.0,0.0,nan
98535,85,-5453.553294,753,running,85408.1953125,inf,0.0,0.0,0.0,0.0006605037488043308,0.0,-2.793346533179283,0.0392380952835083,336447.5197753906,-0.0007045464328257367,0.0,0.0,nan
1660,1,-4252.906168,1660,running,67128.140625,inf,0.0,0.0,0.0,nan,nan,nan,nan,nan,nan,0.0,0.0,nan
2629,2,-2799.170382,969,running,193313.328125,inf,0.0,0.0,0.0,0.00618790416046977,0.020068359375,-2.8439973056316377,0.0007919073104858398,15338.67271118164,-0.002094528594170697,0.0,0.0,nan
4260,3,-3560.738524,1631,running,201935.34375,inf,0.0,0.0,0.0,0.005700128152966499,0.017919921875,-2.845204710960388,0.017757952213287354,5862.224758911133,-0.0022035034489817917,0.0,0.0,nan
6225,4,-8823.939502,1965,running,106904.1484375,inf,0.0,0.0,0.0,0.0009050886146724224,9.765625e-05,-2.8409003049135206,0.00850212574005127,22592.423391723634,-0.0008489052444929257,0.0,0.0,nan
7581,5,-3424.893924,1356,running,68266.21875,inf,0.0,0.0,0.0,0.0009050886146724224,9.765625e-05,-2.8409003049135206,0.00850212574005127,22592.423391723634,-0.0008489052444929257,0.0,0.0,nan
8739,6,-3405.280511,1158,running,106896.390625,inf,0.0,0.0,0.0,0.00028891011606901884,4.8828125e-05,-2.84180329144001,0.001900315284729004,227776.10599365234,-0.0004865974391577765,0.0,0.0,nan
10791,7,-5060.348953,2052,running,70952.0078125,inf,0.0,0.0,0.0,0.008476544171571732,0.038330078125,-2.8462898075580596,0.04729580879211426,7199.772930908203,-0.004352814707090147,0.0,0.0,nan
11984,8,-2967.868404,1193,running,144044.59375,inf,0.0,0.0,0.0,0.008476544171571732,0.038330078125,-2.8462898075580596,0.04729580879211426,7199.772930908203,-0.004352814707090147,0.0,0.0,nan
13449,9,-3607.28467,1465,running,105513.65625,inf,0.0,0.0,0.0,0.001379848807118833,0.000390625,-2.855115661025047,0.08418387174606323,10070.533575439453,-0.001184017292689532,0.0,0.0,nan
15250,10,-4307.39823,1801,running,117259.328125,inf,0.0,0.0,0.0,0.009688053280115128,0.047412109375,-2.863352909684181,0.053585588932037354,12972.052313232422,-0.0034086120140273124,0.0,0.0,nan
17049,11,-4196.441957,1799,running,54892.37109375,inf,0.0,0.0,0.0,0.00864323042333126,0.050146484375,-2.8610957831144335,0.075733482837677,10306.506875610352,-0.0032858981052413584,0.0,0.0,nan
18329,12,-3183.042989,1280,running,154320.890625,inf,0.0,0.0,0.0,0.00864323042333126,0.050146484375,-2.8610957831144335,0.075733482837677,10306.506875610352,-0.0032858981052413584,0.0,0.0,nan
19414,13,-6297.459034,1085,running,162046.28125,inf,0.0,0.0,0.0,0.008327215909957886,0.040478515625,-2.859071817994118,0.0952863097190857,12741.891159057617,-0.0038778811460360883,0.0,0.0,nan
21571,14,-9829.806882,2157,running,68717.2265625,inf,0.0,0.0,0.0,0.0004455433809198439,0.0,-2.86647090613842,0.020739495754241943,156145.82697753905,-0.0004319651023251936,0.0,0.0,nan
22719,15,-8119.903159,1148,running,124823.1171875,inf,0.0,0.0,0.0,0.0022845352068543434,0.00126953125,-2.870592898130417,0.006926357746124268,210814.143359375,-0.0018293402390554547,0.0,0.0,nan
23870,16,-7488.012683,1151,running,156474.515625,inf,0.0,0.0,0.0,0.0022845352068543434,0.00126953125,-2.870592898130417,0.006926357746124268,210814.143359375,-0.0018293402390554547,0.0,0.0,nan
25167,17,-7444.924741,1297,running,87796.734375,inf,0.0,0.0,0.0,0.0009060376905836165,0.0001953125,-2.8731311738491057,0.017565906047821045,357020.0931640625,-0.0011172515049111098,0.0,0.0,nan
25965,18,-6837.62461,798,running,77985.4609375,inf,0.0,0.0,0.0,0.0009060376905836165,0.0001953125,-2.8731311738491057,0.017565906047821045,357020.0931640625,-0.0011172515049111098,0.0,0.0,nan
27034,19,-7648.694762,1069,running,71439.6328125,inf,0.0,0.0,0.0,0.0005730894044972956,0.0,-2.8689689338207245,0.013757824897766113,337261.5342773438,-0.0009057327755726874,0.0,0.0,nan
28103,20,-3001.315309,1069,running,192439.890625,inf,0.0,0.0,0.0,0.0005730894044972956,0.0,-2.8689689338207245,0.013757824897766113,337261.5342773438,-0.0009057327755726874,0.0,0.0,nan
29223,21,-6046.487459,1120,running,104034.5625,inf,0.0,0.0,0.0,0.001681227469816804,0.001220703125,-2.8637419432401656,0.029576659202575684,175855.57664794923,-0.001976298340014182,0.0,0.0,nan
30055,22,-6614.542929,832,running,93454.421875,inf,0.0,0.0,0.0,0.001681227469816804,0.001220703125,-2.8637419432401656,0.029576659202575684,175855.57664794923,-0.001976298340014182,0.0,0.0,nan
30990,23,-6932.131697,935,running,178284.328125,inf,0.0,0.0,0.0,0.00022025805083103478,0.0,-2.8593628376722338,0.017042160034179688,343148.2762695312,-0.0003463717119302601,0.0,0.0,nan
32205,24,-8027.14983,1215,running,139501.421875,inf,0.0,0.0,0.0,0.00022025805083103478,0.0,-2.8593628376722338,0.017042160034179688,343148.2762695312,-0.0003463717119302601,0.0,0.0,nan
33019,25,-6710.594299,814,running,95328.90625,inf,0.0,0.0,0.0,0.001090884325094521,0.0001953125,-2.8625066548585893,0.013990342617034912,430504.3155273438,-0.0013299995014676824,0.0,0.0,nan
33833,26,-6102.171766,814,running,84505.0234375,inf,0.0,0.0,0.0,0.001090884325094521,0.0001953125,-2.8625066548585893,0.013990342617034912,430504.3155273438,-0.0013299995014676824,0.0,0.0,nan
34548,27,-6143.23291,715,running,122372.6796875,inf,0.0,0.0,0.0,0.001090884325094521,0.0001953125,-2.8625066548585893,0.013990342617034912,430504.3155273438,-0.0013299995014676824,0.0,0.0,nan
35642,28,-8665.367142,1094,running,83470.2265625,inf,0.0,0.0,0.0,0.00011235949932597578,0.0,-2.86413534283638,0.022688090801239014,502480.117578125,-0.00020213826501276345,0.0,0.0,nan
36653,29,-2469.296211,1011,running,87808.5546875,inf,0.0,0.0,0.0,0.00011235949932597578,0.0,-2.86413534283638,0.022688090801239014,502480.117578125,-0.00020213826501276345,0.0,0.0,nan
37498,30,-6704.287799,845,running,170055.140625,inf,0.0,0.0,0.0,0.0015514361439272761,0.000341796875,-2.863956007361412,0.01886230707168579,247887.81828613282,-0.001009254701784812,0.0,0.0,nan
38757,31,-6688.569653,1259,running,145747.203125,inf,0.0,0.0,0.0,0.0015514361439272761,0.000341796875,-2.863956007361412,0.01886230707168579,247887.81828613282,-0.001009254701784812,0.0,0.0,nan
39626,32,-5928.906848,869,running,93374.59375,inf,0.0,0.0,0.0,0.00012983861961402,0.0,-2.868469086289406,0.025955557823181152,337628.408984375,-0.0002290345524670556,0.0,0.0,nan
40783,33,-3004.628169,1157,running,190959.78125,inf,0.0,0.0,0.0,0.00012983861961402,0.0,-2.868469086289406,0.025955557823181152,337628.408984375,-0.0002290345524670556,0.0,0.0,nan
42019,34,-6587.561729,1236,running,116040.6015625,inf,0.0,0.0,0.0,0.00015554612036794424,0.0,-2.8718722820281983,0.039278388023376465,166001.16209716798,-0.0002240169982542284,0.0,0.0,nan
43241,35,-7581.207131,1222,running,71039.0078125,inf,0.0,0.0,0.0,0.0015021389117464423,0.00126953125,-2.8694987893104553,0.03495669364929199,193668.40394287108,-0.0017267954448470847,0.0,0.0,nan
44423,36,-2958.230446,1182,running,167060.515625,inf,0.0,0.0,0.0,0.0015021389117464423,0.00126953125,-2.8694987893104553,0.03495669364929199,193668.40394287108,-0.0017267954448470847,0.0,0.0,nan
45396,37,-5731.840722,973,running,87260.6171875,inf,0.0,0.0,0.0,0.002622918225824833,0.006005859375,-2.8660431087017058,0.04128873348236084,186427.7611816406,-0.0035664859547978266,0.0,0.0,nan
46259,38,-7168.504661,863,running,86364.9140625,inf,0.0,0.0,0.0,0.002622918225824833,0.006005859375,-2.8660431087017058,0.04128873348236084,186427.7611816406,-0.0035664859547978266,0.0,0.0,nan
47526,39,-2847.492317,1267,running,132135.828125,inf,0.0,0.0,0.0,0.004481104668229818,0.010400390625,-2.8663146525621412,0.019803881645202637,332559.9532226563,-0.00374960481422022,0.0,0.0,nan
48425,40,-6836.869017,899,running,107625.84375,inf,0.0,0.0,0.0,0.004481104668229818,0.010400390625,-2.8663146525621412,0.019803881645202637,332559.9532226563,-0.00374960481422022,0.0,0.0,nan
49384,41,-6907.572022,959,running,164471.34375,inf,0.0,0.0,0.0,0.002054238226264715,0.000634765625,-2.864705592393875,0.036749422550201416,206066.29853515624,-0.0013107964216032997,0.0,0.0,nan
50447,42,-6061.232767,1063,running,101268.234375,inf,0.0,0.0,0.0,0.002054238226264715,0.000634765625,-2.864705592393875,0.036749422550201416,206066.29853515624,-0.0013107964216032997,0.0,0.0,nan
51323,43,-6427.40024,876,running,175303.34375,inf,0.0,0.0,0.0,0.004392734728753567,0.012890625,-2.8589101165533064,0.031540751457214355,363333.94775390625,-0.004308702837442979,0.0,0.0,nan
52229,44,-6650.194445,906,running,144492.171875,inf,0.0,0.0,0.0,0.004392734728753567,0.012890625,-2.8589101165533064,0.031540751457214355,363333.94775390625,-0.004308702837442979,0.0,0.0,nan
53241,45,-5960.254336,1012,running,99568.3984375,inf,0.0,0.0,0.0,0.004392734728753567,0.012890625,-2.8589101165533064,0.031540751457214355,363333.94775390625,-0.004308702837442979,0.0,0.0,nan
54284,46,-6946.648172,1043,running,124495.46875,inf,0.0,0.0,0.0,0.00011201182496733963,0.0,-2.8610936373472216,0.031352996826171875,565270.6205078125,-0.00022784141474403442,0.0,0.0,nan
55065,47,-5750.475623,781,running,71529.515625,inf,0.0,0.0,0.0,0.00011201182496733963,0.0,-2.8610936373472216,0.031352996826171875,565270.6205078125,-0.00022784141474403442,0.0,0.0,nan
55818,48,-6483.833046,753,running,94104.2890625,inf,0.0,0.0,0.0,0.0015930102672427893,0.00126953125,-2.8632203549146653,0.0410768985748291,336541.48984375,-0.0015972118446370587,0.0,0.0,nan
56746,49,-6522.4386,928,running,195182.078125,inf,0.0,0.0,0.0,0.0015930102672427893,0.00126953125,-2.8632203549146653,0.0410768985748291,336541.48984375,-0.0015972118446370587,0.0,0.0,nan
57728,50,-5548.17251,982,running,82837.171875,inf,0.0,0.0,0.0,0.0014240811578929424,0.00087890625,-2.862463715672493,0.041883885860443115,327537.91875,-0.0019396983581827954,0.0,0.0,nan
58500,51,-6628.300149,772,running,130363.734375,inf,0.0,0.0,0.0,0.0014240811578929424,0.00087890625,-2.862463715672493,0.041883885860443115,327537.91875,-0.0019396983581827954,0.0,0.0,nan
59281,52,-5486.230085,781,running,183656.421875,inf,0.0,0.0,0.0,0.0014240811578929424,0.00087890625,-2.862463715672493,0.041883885860443115,327537.91875,-0.0019396983581827954,0.0,0.0,nan
60190,53,-6087.438425,909,running,67462.109375,inf,0.0,0.0,0.0,0.000526391202583909,0.0,-2.8564900934696196,0.035590946674346924,513546.8802734375,-0.0005526850072783418,0.0,0.0,nan
60890,54,-6484.748476,700,running,172666.25,inf,0.0,0.0,0.0,0.000526391202583909,0.0,-2.8564900934696196,0.035590946674346924,513546.8802734375,-0.0005526850072783418,0.0,0.0,nan
62022,55,-6237.16796,1132,running,126547.7734375,inf,0.0,0.0,0.0,0.0017520522233098745,0.003076171875,-2.855280014872551,0.045685529708862305,359223.6966796875,-0.0021095640084240587,0.0,0.0,nan
62547,56,-6348.483689,525,running,158275.3125,inf,0.0,0.0,0.0,0.0017520522233098745,0.003076171875,-2.855280014872551,0.045685529708862305,359223.6966796875,-0.0021095640084240587,0.0,0.0,nan
63319,57,-5327.301169,772,running,106733.7421875,inf,0.0,0.0,0.0,0.0017520522233098745,0.003076171875,-2.855280014872551,0.045685529708862305,359223.6966796875,-0.0021095640084240587,0.0,0.0,nan
64059,58,-6125.279782,740,running,118185.265625,inf,0.0,0.0,0.0,0.0005050487816333771,0.000146484375,-2.858702203631401,0.036977291107177734,585187.446875,-0.0005243773790425621,0.0,0.0,nan
64957,59,-6409.875713,898,running,182190.34375,inf,0.0,0.0,0.0,0.0005050487816333771,0.000146484375,-2.858702203631401,0.036977291107177734,585187.446875,-0.0005243773790425621,0.0,0.0,nan
65907,60,-5366.784877,950,running,106567.9375,inf,0.0,0.0,0.0,0.0011146817123517394,0.000341796875,-2.859891912341118,0.04960441589355469,346574.9326171875,-0.0011993517677183264,0.0,0.0,nan
66540,61,-5498.587832,633,running,159914.5,inf,0.0,0.0,0.0,0.0011146817123517394,0.000341796875,-2.859891912341118,0.04960441589355469,346574.9326171875,-0.0011993517677183264,0.0,0.0,nan
67279,62,-5363.907479,739,running,149955.53125,inf,0.0,0.0,0.0,0.0011146817123517394,0.000341796875,-2.859891912341118,0.04960441589355469,346574.9326171875,-0.0011993517677183264,0.0,0.0,nan
68165,63,-5411.687419,886,running,125627.09375,inf,0.0,0.0,0.0,0.00033872079802677035,0.0,-2.859214323759079,0.05239671468734741,504621.1916015625,-0.000631469817017205,0.0,0.0,nan
68721,64,-6543.77922,556,running,172093.578125,inf,0.0,0.0,0.0,0.00033872079802677035,0.0,-2.859214323759079,0.05239671468734741,504621.1916015625,-0.000631469817017205,0.0,0.0,nan
69375,65,-4253.51655,654,running,182246.171875,inf,0.0,0.0,0.0,0.00033872079802677035,0.0,-2.859214323759079,0.05239671468734741,504621.1916015625,-0.000631469817017205,0.0,0.0,nan
70249,66,-4507.695645,874,running,112600.9921875,inf,0.0,0.0,0.0,0.0012502858880907297,0.000732421875,-2.868875151872635,0.05334669351577759,524857.141796875,-0.0013148645317414775,0.0,0.0,nan
71014,67,-5869.66344,765,running,65868.96875,inf,0.0,0.0,0.0,0.0012502858880907297,0.000732421875,-2.868875151872635,0.05334669351577759,524857.141796875,-0.0013148645317414775,0.0,0.0,nan
71579,68,-6842.671791,565,running,129163.6171875,inf,0.0,0.0,0.0,0.0012502858880907297,0.000732421875,-2.868875151872635,0.05334669351577759,524857.141796875,-0.0013148645317414775,0.0,0.0,nan
72386,69,-5384.029102,807,running,178666.796875,inf,0.0,0.0,0.0,0.000251524819759652,0.0,-2.8782181590795517,0.047827184200286865,490437.1307617187,-0.0003746613292605616,0.0,0.0,nan
73238,70,-4962.024965,852,running,90975.7265625,inf,0.0,0.0,0.0,0.000251524819759652,0.0,-2.8782181590795517,0.047827184200286865,490437.1307617187,-0.0003746613292605616,0.0,0.0,nan
73819,71,-5630.650501,581,running,128060.8125,inf,0.0,0.0,0.0,0.0004584330599755049,0.0,-2.882242926955223,0.06793344020843506,311143.8643554688,-0.0009816458565182983,0.0,0.0,nan
74444,72,-5270.811076,625,running,86465.8046875,inf,0.0,0.0,0.0,0.0004584330599755049,0.0,-2.882242926955223,0.06793344020843506,311143.8643554688,-0.0009816458565182983,0.0,0.0,nan
75165,73,-6324.954073,721,running,182061.671875,inf,0.0,0.0,0.0,0.0004584330599755049,0.0,-2.882242926955223,0.06793344020843506,311143.8643554688,-0.0009816458565182983,0.0,0.0,nan
76013,74,-4694.107997,848,running,140087.5625,inf,0.0,0.0,0.0,0.0007609297172166407,0.0001953125,-2.87315571308136,0.06172853708267212,472506.4025390625,-0.0013739642192376778,0.0,0.0,nan
77066,75,-5954.833873,1053,running,138113.96875,inf,0.0,0.0,0.0,0.0007609297172166407,0.0001953125,-2.87315571308136,0.06172853708267212,472506.4025390625,-0.0013739642192376778,0.0,0.0,nan
77957,76,-6181.046906,891,running,103460.6953125,inf,0.0,0.0,0.0,0.0005022460827603936,0.0,-2.8585356771945953,0.05819970369338989,299253.2666992188,-0.0004532487480901182,0.0,0.0,nan
78729,77,-6107.996447,772,running,72568.46875,inf,0.0,0.0,0.0,0.0005022460827603936,0.0,-2.8585356771945953,0.05819970369338989,299253.2666992188,-0.0004532487480901182,0.0,0.0,nan
79662,78,-6720.955958,933,running,100702.234375,inf,0.0,0.0,0.0,0.0005022460827603936,0.0,-2.8585356771945953,0.05819970369338989,299253.2666992188,-0.0004532487480901182,0.0,0.0,nan
80406,79,-6394.754047,744,running,92714.65625,inf,0.0,0.0,0.0,0.0023560612462460995,0.004736328125,-2.8569378733634947,0.041457951068878174,512509.4686523437,-0.002857780928025022,0.0,0.0,nan
80980,80,-5504.249621,574,running,110323.1015625,inf,0.0,0.0,0.0,0.0023560612462460995,0.004736328125,-2.8569378733634947,0.041457951068878174,512509.4686523437,-0.002857780928025022,0.0,0.0,nan
81902,81,-7465.207127,922,running,179431.671875,inf,0.0,0.0,0.0,0.0023560612462460995,0.004736328125,-2.8569378733634947,0.041457951068878174,512509.4686523437,-0.002857780928025022,0.0,0.0,nan
82617,82,-4202.589959,715,running,93636.0390625,inf,0.0,0.0,0.0,0.0008464812999591231,0.000146484375,-2.86246380507946,0.027301788330078125,563648.5294921875,-0.001036693318746984,0.0,0.0,nan
83344,83,-6138.857066,727,running,149558.875,inf,0.0,0.0,0.0,0.0008464812999591231,0.000146484375,-2.86246380507946,0.027301788330078125,563648.5294921875,-0.001036693318746984,0.0,0.0,nan
84230,84,-5626.302496,886,running,97386.25,inf,0.0,0.0,0.0,0.0031424767803400755,0.00732421875,-2.861949098110199,0.08069473505020142,304788.6042480469,-0.002651331279776059,0.0,0.0,nan
84828,85,-6555.820014,598,running,85408.1953125,inf,0.0,0.0,0.0,0.0031424767803400755,0.00732421875,-2.861949098110199,0.08069473505020142,304788.6042480469,-0.002651331279776059,0.0,0.0,nan
85448,86,-5631.406907,620,running,186066.0625,inf,0.0,0.0,0.0,0.0031424767803400755,0.00732421875,-2.861949098110199,0.08069473505020142,304788.6042480469,-0.002651331279776059,0.0,0.0,nan
86283,87,-4785.824502,835,running,100471.2734375,inf,0.0,0.0,0.0,0.002423950470983982,0.00244140625,-2.8537002325057985,0.05568474531173706,515951.70390625,-0.002737487190461252,0.0,0.0,nan
87097,88,-6009.165872,814,running,140694.21875,inf,0.0,0.0,0.0,0.002423950470983982,0.00244140625,-2.8537002325057985,0.05568474531173706,515951.70390625,-0.002737487190461252,0.0,0.0,nan
87860,89,-5037.199386,763,running,187891.609375,inf,0.0,0.0,0.0,0.002423950470983982,0.00244140625,-2.8537002325057985,0.05568474531173706,515951.70390625,-0.002737487190461252,0.0,0.0,nan
88626,90,-4451.001795,766,running,88946.0078125,inf,0.0,0.0,0.0,0.0029157332610338926,0.007568359375,-2.8424472510814667,0.06031537055969238,480628.9666015625,-0.003172274405369535,0.0,0.0,nan
89545,91,-6334.310521,919,running,146462.4375,inf,0.0,0.0,0.0,0.0029157332610338926,0.007568359375,-2.8424472510814667,0.06031537055969238,480628.9666015625,-0.003172274405369535,0.0,0.0,nan
90226,92,-4894.21011,681,running,89743.9921875,inf,0.0,0.0,0.0,0.0015454392414540052,0.000390625,-2.8407659858465193,0.06602567434310913,334614.1453125,-0.0010390769253717735,0.0,0.0,nan
90943,93,-6252.854831,717,running,180994.015625,inf,0.0,0.0,0.0,0.0015454392414540052,0.000390625,-2.8407659858465193,0.06602567434310913,334614.1453125,-0.0010390769253717735,0.0,0.0,nan
91947,94,-6710.715711,1004,running,127719.546875,inf,0.0,0.0,0.0,0.0015454392414540052,0.000390625,-2.8407659858465193,0.06602567434310913,334614.1453125,-0.0010390769253717735,0.0,0.0,nan
92644,95,-5244.798433,697,running,81996.78125,inf,0.0,0.0,0.0,0.0006879897555336356,9.765625e-05,-2.8485288679599763,0.046114981174468994,571556.5845703125,-0.0009075523703359067,0.0,0.0,nan
93215,96,-6380.487347,571,running,87481.203125,inf,0.0,0.0,0.0,0.0006879897555336356,9.765625e-05,-2.8485288679599763,0.046114981174468994,571556.5845703125,-0.0009075523703359067,0.0,0.0,nan
93936,97,-5825.52858,721,running,120708.984375,inf,0.0,0.0,0.0,0.0006879897555336356,9.765625e-05,-2.8485288679599763,0.046114981174468994,571556.5845703125,-0.0009075523703359067,0.0,0.0,nan
94578,98,-5949.262169,642,running,199956.609375,inf,0.0,0.0,0.0,0.0012978214072063565,0.0005859375,-2.8529528588056565,0.058272480964660645,466703.72265625,-0.0009539296792354435,0.0,0.0,nan
95379,99,-5099.310629,801,running,77496.25,inf,0.0,0.0,0.0,0.0012978214072063565,0.0005859375,-2.8529528588056565,0.058272480964660645,466703.72265625,-0.0009539296792354435,0.0,0.0,nan
95959,100,-5921.327802,580,running,167259.125,inf,0.0,0.0,0.0,0.0012978214072063565,0.0005859375,-2.8529528588056565,0.058272480964660645,466703.72265625,-0.0009539296792354435,0.0,0.0,nan
96787,101,-4881.250164,828,running,113817.09375,inf,0.0,0.0,0.0,0.0012500372249633074,0.00126953125,-2.8518676817417146,0.06412911415100098,536261.275,-0.0015748839476145803,0.0,0.0,nan
97449,102,-5481.465693,662,running,139913.203125,inf,0.0,0.0,0.0,0.0012500372249633074,0.00126953125,-2.8518676817417146,0.06412911415100098,536261.275,-0.0015748839476145803,0.0,0.0,nan
98287,103,-5634.887971,838,running,99518.0,inf,0.0,0.0,0.0,0.0012500372249633074,0.00126953125,-2.8518676817417146,0.06412911415100098,536261.275,-0.0015748839476145803,0.0,0.0,nan
99049,104,-6098.03099,762,running,144608.90625,inf,0.0,0.0,0.0,0.001566912978887558,0.00146484375,-2.8492924451828,0.06053733825683594,499724.23115234374,-0.0019036723941098898,0.0,0.0,nan
99840,105,-6228.137716,791,running,172658.1875,inf,0.0,0.0,0.0,0.001566912978887558,0.00146484375,-2.8492924451828,0.06053733825683594,499724.23115234374,-0.0019036723941098898,0.0,0.0,nan
1660,1,-4252.906168,1660,running,67128.140625,inf,0.0,0.0,0.0,nan,nan,nan,nan,nan,nan,0.0,0.0,nan
2629,2,-2799.170382,969,running,193313.328125,inf,0.0,0.0,0.0,0.00618790416046977,0.020068359375,-2.8439973056316377,0.0007919073104858398,15338.67271118164,-0.002094528594170697,0.0,0.0,nan
4260,3,-3560.738524,1631,running,201935.34375,inf,0.0,0.0,0.0,0.005700128152966499,0.017919921875,-2.845204710960388,0.017757952213287354,5862.224758911133,-0.0022035034489817917,0.0,0.0,nan
6225,4,-13823.939502,1965,running,106904.1484375,inf,0.0,0.0,0.0,0.0009050886146724224,9.765625e-05,-2.8409003049135206,0.00850212574005127,22592.423391723634,-0.0008489052444929257,0.0,0.0,nan
7581,5,-3424.893924,1356,running,68266.21875,inf,0.0,0.0,0.0,0.0009050886146724224,9.765625e-05,-2.8409003049135206,0.00850212574005127,22592.423391723634,-0.0008489052444929257,0.0,0.0,nan
8739,6,-3402.494069,1158,running,106896.390625,inf,0.0,0.0,0.0,0.00015546003123745322,0.0,-2.841384634375572,0.0007482767105102539,685296.453100586,-0.0003225950116757303,0.0,0.0,nan
10791,7,-4992.578177,2052,running,70952.0078125,inf,0.0,0.0,0.0,0.008575603365898132,0.0388671875,-2.8453247219324114,0.044870078563690186,7171.705404663086,-0.004387694844626822,0.0,0.0,nan
11984,8,-2969.633026,1193,running,144044.59375,inf,0.0,0.0,0.0,0.008575603365898132,0.0388671875,-2.8453247219324114,0.044870078563690186,7171.705404663086,-0.004387694844626822,0.0,0.0,nan
13449,9,-3589.19582,1465,running,105513.65625,inf,0.0,0.0,0.0,0.001400929526425898,0.000439453125,-2.8540586322546004,0.08036607503890991,10014.352600097656,-0.0011897402364411391,0.0,0.0,nan
15250,10,-4312.885363,1801,running,117259.328125,inf,0.0,0.0,0.0,0.010114699602127075,0.051416015625,-2.862304928898811,0.05169957876205444,12975.007437133789,-0.003506688980269246,0.0,0.0,nan
17049,11,-4182.516933,1799,running,54892.37109375,inf,0.0,0.0,0.0,0.008886486291885376,0.052783203125,-2.8600205004215242,0.07427603006362915,10317.744088745118,-0.0033346872485708447,0.0,0.0,nan
18329,12,-3093.105451,1280,running,154320.890625,inf,0.0,0.0,0.0,0.008886486291885376,0.052783203125,-2.8600205004215242,0.07427603006362915,10317.744088745118,-0.0033346872485708447,0.0,0.0,nan
19398,13,-11237.314032,1069,running,162046.28125,inf,0.0,0.0,0.0,0.008487964048981667,0.043017578125,-2.8579122126102448,0.09394705295562744,12596.346978759766,-0.0039457232123822905,0.0,0.0,nan
21510,14,-14574.754759,2112,running,68717.2265625,inf,0.0,0.0,0.0,0.0006816615932621062,0.0,-2.8652664721012115,0.008131146430969238,558261.6330322266,-0.0009947115642717109,0.0,0.0,nan
22703,15,-3238.444133,1193,running,124823.1171875,inf,0.0,0.0,0.0,0.000757757923565805,0.0,-2.867297503352165,0.0027272701263427734,651278.9338623047,-0.0006929774943273514,0.0,0.0,nan
24066,16,-3102.076422,1363,running,156474.515625,inf,0.0,0.0,0.0,0.000757757923565805,0.0,-2.867297503352165,0.0027272701263427734,651278.9338623047,-0.0006929774943273514,0.0,0.0,nan
25493,17,-3013.803576,1427,running,87796.734375,inf,0.0,0.0,0.0,0.005329626612365246,0.016650390625,-2.8702266305685042,0.18443506956100464,13231.71201171875,-0.003637517738388851,0.0,0.0,nan
26649,18,-2896.044534,1156,running,77985.4609375,inf,0.0,0.0,0.0,0.0028532478027045727,0.0052734375,-2.8690396159887315,0.12369924783706665,12282.458874511718,-0.0024880749959265815,0.0,0.0,nan
27909,19,-3100.34961,1260,running,71439.6328125,inf,0.0,0.0,0.0,0.0028532478027045727,0.0052734375,-2.8690396159887315,0.12369924783706665,12282.458874511718,-0.0024880749959265815,0.0,0.0,nan
28978,20,-2795.598783,1069,running,192439.890625,inf,0.0,0.0,0.0,0.0017892164178192616,0.00068359375,-2.8669893831014632,0.20659881830215454,8647.755499267578,-0.0009508721093880012,0.0,0.0,nan
30653,21,-3187.661067,1675,running,104034.5625,inf,0.0,0.0,0.0,0.0017892164178192616,0.00068359375,-2.8669893831014632,0.20659881830215454,8647.755499267578,-0.0009508721093880012,0.0,0.0,nan
31510,22,-11407.220228,857,running,93454.421875,inf,0.0,0.0,0.0,0.010095810517668724,0.04970703125,-2.870926856994629,0.23104828596115112,13393.937854003907,-0.00515699149982538,0.0,0.0,nan
32656,23,-12385.24234,1146,running,178284.328125,inf,0.0,0.0,0.0,0.010095810517668724,0.04970703125,-2.870926856994629,0.23104828596115112,13393.937854003907,-0.00515699149982538,0.0,0.0,nan
34000,24,-12919.884475,1344,running,139501.421875,inf,0.0,0.0,0.0,0.00045895675430074334,0.0,-2.871042051911354,0.0089607834815979,1156473.61640625,-0.0009065304577234202,0.0,0.0,nan
34990,25,-12648.202255,990,running,95328.90625,inf,0.0,0.0,0.0,0.0007949215942062438,0.000341796875,-2.8716988921165467,0.005961179733276367,718793.3150878906,-0.001201493453118019,0.0,0.0,nan
36531,26,-13319.067115,1541,running,84505.0234375,inf,0.0,0.0,0.0,0.0007949215942062438,0.000341796875,-2.8716988921165467,0.005961179733276367,718793.3150878906,-0.001201493453118019,0.0,0.0,nan
37329,27,-11533.53834,798,running,122372.6796875,inf,0.0,0.0,0.0,0.00010800891323015094,0.0,-2.8714307695627213,0.0076888203620910645,1296320.3578125,-0.00029280051530804484,0.0,0.0,nan
38542,28,-13685.469327,1213,running,83470.2265625,inf,0.0,0.0,0.0,0.00010800891323015094,0.0,-2.8714307695627213,0.0076888203620910645,1296320.3578125,-0.00029280051530804484,0.0,0.0,nan
39553,29,-2648.946523,1011,running,87808.5546875,inf,0.0,0.0,0.0,7.930715219117701e-05,0.0,-2.870440238714218,0.006625771522521973,1250177.7701171874,-0.0002194905871874653,0.0,0.0,nan
40800,30,-12788.611016,1247,running,170055.140625,inf,0.0,0.0,0.0,7.930715219117701e-05,0.0,-2.870440238714218,0.006625771522521973,1250177.7701171874,-0.0002194905871874653,0.0,0.0,nan
42099,31,-12076.963909,1299,running,145747.203125,inf,0.0,0.0,0.0,0.00015143057680688798,0.0,-2.8690405994653703,0.011086583137512207,575653.9439208985,-0.00028832811512984334,0.0,0.0,nan
43146,32,-11587.880865,1047,running,93374.59375,inf,0.0,0.0,0.0,0.0009621812496334314,0.000146484375,-2.870790275931358,0.014419734477996826,623606.3289306641,-0.0012254616391146555,0.0,0.0,nan
44258,33,-12699.482347,1112,running,190959.78125,inf,0.0,0.0,0.0,0.0009621812496334314,0.000146484375,-2.870790275931358,0.014419734477996826,623606.3289306641,-0.0012254616391146555,0.0,0.0,nan
45291,34,-10894.671113,1033,running,116040.6015625,inf,0.0,0.0,0.0,0.001462157117202878,0.000537109375,-2.873147314786911,0.013674914836883545,1195027.622216797,-0.0023469222127459944,0.0,0.0,nan
46544,35,-12531.563122,1253,running,71039.0078125,inf,0.0,0.0,0.0,0.001462157117202878,0.000537109375,-2.873147314786911,0.013674914836883545,1195027.622216797,-0.0023469222127459944,0.0,0.0,nan
47726,36,-2874.185047,1182,running,167060.515625,inf,0.0,0.0,0.0,0.00048364244867116213,0.0,-2.8734691470861433,0.00879126787185669,1270455.43515625,-0.0010113243362866343,0.0,0.0,nan
48818,37,-11442.075518,1092,running,87260.6171875,inf,0.0,0.0,0.0,0.00048364244867116213,0.0,-2.8734691470861433,0.00879126787185669,1270455.43515625,-0.0010113243362866343,0.0,0.0,nan
49674,38,-12413.426513,856,running,86364.9140625,inf,0.0,0.0,0.0,0.0006261570379137993,0.0,-2.879320338368416,0.016621768474578857,589764.7027587891,-0.0006575238279765472,0.0,0.0,nan
50527,39,-11919.327224,853,running,132135.828125,inf,0.0,0.0,0.0,0.0006261570379137993,0.0,-2.879320338368416,0.016621768474578857,589764.7027587891,-0.0006575238279765472,0.0,0.0,nan
51322,40,-10709.597175,795,running,107625.84375,inf,0.0,0.0,0.0,0.0002838287327904254,0.0,-2.8844483345746994,0.013204038143157959,1220438.47265625,-0.00047111916646827014,0.0,0.0,nan
52130,41,-11150.304413,808,running,164471.34375,inf,0.0,0.0,0.0,0.0002838287327904254,0.0,-2.8844483345746994,0.013204038143157959,1220438.47265625,-0.00047111916646827014,0.0,0.0,nan
53094,42,-10801.17319,964,running,101268.234375,inf,0.0,0.0,0.0,0.0002838287327904254,0.0,-2.8844483345746994,0.013204038143157959,1220438.47265625,-0.00047111916646827014,0.0,0.0,nan
54244,43,-12222.590097,1150,running,175303.34375,inf,0.0,0.0,0.0,0.0004359495360404253,0.0,-2.88805438876152,0.018333375453948975,1722506.59765625,-0.0008495434856740757,0.0,0.0,nan
55488,44,-12773.517687,1244,running,144492.171875,inf,0.0,0.0,0.0,0.0010004602372646332,0.00029296875,-2.892071023583412,0.01173776388168335,594401.7463867187,-0.001793866988737136,0.0,0.0,nan
56422,45,-10653.170519,934,running,99568.3984375,inf,0.0,0.0,0.0,0.0010004602372646332,0.00029296875,-2.892071023583412,0.01173776388168335,594401.7463867187,-0.001793866988737136,0.0,0.0,nan
57262,46,-11514.583604,840,running,124495.46875,inf,0.0,0.0,0.0,0.0010004602372646332,0.00029296875,-2.892071023583412,0.01173776388168335,594401.7463867187,-0.001793866988737136,0.0,0.0,nan
57992,47,-10666.528202,730,running,71529.515625,inf,0.0,0.0,0.0,0.0001208402682095766,0.0,-2.89783034324646,0.01699221134185791,1843364.86953125,-0.00040490588289685545,0.0,0.0,nan
58908,48,-11712.219882,916,running,94104.2890625,inf,0.0,0.0,0.0,0.0001208402682095766,0.0,-2.89783034324646,0.01699221134185791,1843364.86953125,-0.00040490588289685545,0.0,0.0,nan
59796,49,-11501.412792,888,running,195182.078125,inf,0.0,0.0,0.0,8.25586321298033e-05,0.0,-2.8998285472393035,0.017954468727111816,1130331.8859375,-0.0001968116732314229,0.0,0.0,nan
60797,50,-10347.909402,1001,running,82837.171875,inf,0.0,0.0,0.0,8.25586321298033e-05,0.0,-2.8998285472393035,0.017954468727111816,1130331.8859375,-0.0001968116732314229,0.0,0.0,nan
62204,51,-2492.266162,1407,running,130363.734375,inf,0.0,0.0,0.0,0.0002562916197348386,0.0,-2.8963019460439683,0.018946826457977295,1142013.9662109376,-0.0006461221739300527,0.0,0.0,nan
62947,52,-10125.081698,743,running,183656.421875,inf,0.0,0.0,0.0,0.0002562916197348386,0.0,-2.8963019460439683,0.018946826457977295,1142013.9662109376,-0.0006461221739300527,0.0,0.0,nan
63724,53,-9874.665959,777,running,67462.109375,inf,0.0,0.0,0.0,0.0025501255877316,0.004296875,-2.894905024766922,0.03142368793487549,531423.5278076172,-0.0026482271146960556,0.0,0.0,nan
64705,54,-2210.938612,981,running,172666.25,inf,0.0,0.0,0.0,0.0025501255877316,0.004296875,-2.894905024766922,0.03142368793487549,531423.5278076172,-0.0026482271146960556,0.0,0.0,nan
66115,55,-12222.444941,1410,running,126547.7734375,inf,0.0,0.0,0.0,0.0024671154096722603,0.00546875,-2.8980692714452743,0.020743250846862793,564363.4676269531,-0.00375477094494272,0.0,0.0,nan
66940,56,-12750.648619,825,running,158275.3125,inf,0.0,0.0,0.0,0.0024671154096722603,0.00546875,-2.8980692714452743,0.020743250846862793,564363.4676269531,-0.00375477094494272,0.0,0.0,nan
68104,57,-11593.96018,1164,running,106733.7421875,inf,0.0,0.0,0.0,0.0006135768489912152,0.0,-2.894269070029259,0.015192568302154541,1376473.0919921875,-0.0013822511857142672,0.0,0.0,nan
69090,58,-11862.38208,986,running,118185.265625,inf,0.0,0.0,0.0,0.0006135768489912152,0.0,-2.894269070029259,0.015192568302154541,1376473.0919921875,-0.0013822511857142672,0.0,0.0,nan
70157,59,-11725.255071,1067,running,182190.34375,inf,0.0,0.0,0.0,0.00031294082873500884,0.0,-2.890077593922615,0.0182000994682312,1183457.4478515624,-0.0005288297397783026,0.0,0.0,nan
71431,60,-12256.1861,1274,running,106567.9375,inf,0.0,0.0,0.0,0.00031294082873500884,0.0,-2.890077593922615,0.0182000994682312,1183457.4478515624,-0.0005288297397783026,0.0,0.0,nan
72586,61,-12451.99818,1155,running,159914.5,inf,0.0,0.0,0.0,0.00046827009646221995,0.0,-2.8903580605983734,0.018057405948638916,1297153.746875,-0.0008455286035314203,0.0,0.0,nan
73682,62,-11234.210499,1096,running,149955.53125,inf,0.0,0.0,0.0,0.00046827009646221995,0.0,-2.8903580605983734,0.018057405948638916,1297153.746875,-0.0008455286035314203,0.0,0.0,nan
74775,63,-11498.412774,1093,running,125627.09375,inf,0.0,0.0,0.0,0.002414094749838114,0.002978515625,-2.8953401267528536,0.018099606037139893,1129670.6814453125,-0.002535237988922745,0.0,0.0,nan
75822,64,-13486.636868,1047,running,172093.578125,inf,0.0,0.0,0.0,0.002520971465855837,0.003662109375,-2.889983889460564,0.023944318294525146,579280.1970703125,-0.0022722336638253183,0.0,0.0,nan
77191,65,-12380.23222,1369,running,182246.171875,inf,0.0,0.0,0.0,0.002520971465855837,0.003662109375,-2.889983889460564,0.023944318294525146,579280.1970703125,-0.0022722336638253183,0.0,0.0,nan
78442,66,-12321.894981,1251,running,112600.9921875,inf,0.0,0.0,0.0,0.0014379157219082117,0.0005859375,-2.8789779037237166,0.024888336658477783,1247650.5181640624,-0.0016242430370766669,0.0,0.0,nan
79721,67,-12338.263205,1279,running,65868.96875,inf,0.0,0.0,0.0,0.0014379157219082117,0.0005859375,-2.8789779037237166,0.024888336658477783,1247650.5181640624,-0.0016242430370766669,0.0,0.0,nan
80674,68,-12441.547373,953,running,129163.6171875,inf,0.0,0.0,0.0,0.0003155728045385331,0.0,-2.8807501643896103,0.01483917236328125,1269078.3115234375,-0.000527733689523302,0.0,0.0,nan
81539,69,-11570.077312,865,running,178666.796875,inf,0.0,0.0,0.0,0.0003155728045385331,0.0,-2.8807501643896103,0.01483917236328125,1269078.3115234375,-0.000527733689523302,0.0,0.0,nan
82660,70,-11305.461898,1121,running,90975.7265625,inf,0.0,0.0,0.0,0.00019537803018465638,0.0,-2.8791658341884614,0.024911165237426758,1186379.53125,-0.0003556947965989821,0.0,0.0,nan
83676,71,-11921.368831,1016,running,128060.8125,inf,0.0,0.0,0.0,0.00019537803018465638,0.0,-2.8791658341884614,0.024911165237426758,1186379.53125,-0.0003556947965989821,0.0,0.0,nan
84879,72,-2478.352306,1203,running,86465.8046875,inf,0.0,0.0,0.0,0.0010638515232130885,0.0,-2.879229173064232,0.022877097129821777,1137185.726171875,-0.0009976259781979025,0.0,0.0,nan
85722,73,-11674.434114,843,running,182061.671875,inf,0.0,0.0,0.0,0.0010638515232130885,0.0,-2.879229173064232,0.022877097129821777,1137185.726171875,-0.0009976259781979025,0.0,0.0,nan
87290,74,-12709.624567,1568,running,140087.5625,inf,0.0,0.0,0.0,0.0006379990954883397,0.0,-2.876749888062477,0.029368817806243896,568196.9395019531,-0.0005262765393126756,0.0,0.0,nan
88706,75,-12597.023644,1416,running,138113.96875,inf,0.0,0.0,0.0,0.00040600606007501483,0.0,-2.875271421670914,0.019916951656341553,666900.5969726562,-0.0006559503293829039,0.0,0.0,nan
90118,76,-3064.298702,1412,running,103460.6953125,inf,0.0,0.0,0.0,0.005382494069635868,0.020849609375,-2.87835208773613,0.01570141315460205,606050.8808105469,-0.004092852934263647,0.0,0.0,nan
91083,77,-11763.669728,965,running,72568.46875,inf,0.0,0.0,0.0,0.005382494069635868,0.020849609375,-2.87835208773613,0.01570141315460205,606050.8808105469,-0.004092852934263647,0.0,0.0,nan
91915,78,-11508.6504,832,running,100702.234375,inf,0.0,0.0,0.0,0.005382494069635868,0.020849609375,-2.87835208773613,0.01570141315460205,606050.8808105469,-0.004092852934263647,0.0,0.0,nan
93230,79,-2859.429131,1315,running,92714.65625,inf,0.0,0.0,0.0,0.0009401937713846564,0.000341796875,-2.885926601290703,0.023989439010620117,1154348.756640625,-0.0012612971215276048,0.0,0.0,nan
94559,80,-2352.359139,1329,running,110323.1015625,inf,0.0,0.0,0.0,0.0031093270517885685,0.00888671875,-2.873755133152008,0.363631010055542,9472.845822143554,-0.0036796537839109077,0.0,0.0,nan
